w,*,*,*,h
阿,*,*,*,0
b,*,*,*,美
黑,*,*,*,政
z,*,*,*,5
t,*,*,*,2
t,*,*,*,2
欧,*,*,*,3
x,*,*,*,心
李,*,*,*,8
w,*,*,*,8
汤,*,*,*,9
l,*,*,*,6
豆,*,*,*,0
3,*,*,*,萍
乌,*,*,*,虾
t,*,*,*,6
柳,*,*,*,7
柳,*,*,*,7
柳,*,*,*,7
卫,*,*,*,天
t,*,*,*,0
t,*,*,*,0
肖,*,*,*,1
t,*,*,*,2
t,*,*,*,2
y,*,*,*,飞
h,*,*,*,5
不,*,*,*,尔
小,*,*,*,7
m,*,*,*,s
啊,*,*,*,8
j,*,*,*,y
m,*,*,*,e
简,*,*,*,0
c,*,*,*,u
开,*,*,*,狱
开,*,*,*,狱
开,*,*,*,狱
张,*,*,*,4
c,*,*,*,3
c,*,*,*,3
进,*,*,*,家
f,*,*,*,7
云,*,*,*,8
云,*,*,*,8
n,*,*,*,陈
南,*,*,*,香
烟,*,*,*,醉
h,*,*,*,7
我,*,*,*,等
c,*,*,*,n
c,*,*,*,n
c,*,*,*,n
拖,*,*,*,9
王,*,*,*,旭
v,*,*,*,i
l,*,*,*,1
l,*,*,*,1
w,*,*,*,0
凌,*,*,*,旺
凌,*,*,*,旺
冰,*,*,*,儿
邓,*,*,*,福
甜,*,*,*,园
金,*,*,*,仙
亿,*,*,*,牵
琪,*,*,*,8
特,*,*,*,1
平,*,*,*,双
尚,*,*,*,司
彩,*,*,*,3
幸,*,*,*,7
幸,*,*,*,7
清,*,*,*,美
t,*,*,*,6
m,*,*,*,x
m,*,*,*,x
白,*,*,*,9
女,*,*,*,2
t,*,*,*,2
蓝,*,*,*,叶
清,*,*,*,草
买,*,*,*,义
水,*,*,*,人
n,*,*,*,9
闫,*,*,*,银
p,*,*,*,5
8,*,*,*,k
8,*,*,*,k
段,*,*,*,3
w,*,*,*,7
t,*,*,*,2
z,*,*,*,w
海,*,*,*,顺
佐,*,*,*,克
永,*,*,*,树
李,*,*,*,8
t,*,*,*,0
少,*,*,*,长
t,*,*,*,g
h,*,*,*,q
q,*,*,*,6
妮,*,*,*,t
慈,*,*,*,3
少,*,*,*,长
少,*,*,*,长
少,*,*,*,长
少,*,*,*,长
少,*,*,*,长
那,*,*,*,0
9,*,*,*,洋
随,*,*,*,0
嘉,*,*,*,4
o,*,*,*,7
然,*,*,*,a
唐,*,*,*,强
胡,*,*,*,凌
小,*,*,*,5
1,*,*,*,8
z,*,*,*,9
d,*,*,*,8
o,*,*,*,o
x,*,*,*,7
l,*,*,*,2
s,*,*,*,5
北,*,*,*,y
云,*,*,*,8
云,*,*,*,8
t,*,*,*,4
t,*,*,*,0
l,*,*,*,姣
涵,*,*,*,恋
x,*,*,*,2
钱,*,*,*,沁
钱,*,*,*,沁
凯,*,*,*,5
菩,*,*,*,天
最,*,*,*,昔
海,*,*,*,1
王,*,*,*,8
王,*,*,*,8
娇,*,*,*,5
雅,*,*,*,a
g,*,*,*,n
芹,*,*,*,丽
李,*,*,*,1
s,*,*,*,8
凌,*,*,*,野
w,*,*,*,3
白,*,*,*,1
我,*,*,*,雨
红,*,*,*,4
d,*,*,*,8
j,*,*,*,j
一,*,*,*,叶
图,*,*,*,4
g,*,*,*,6
t,*,*,*,6
胸,*,*,*,派
z,*,*,*,g
诚,*,*,*,8
诚,*,*,*,8
小,*,*,*,纬
t,*,*,*,2
t,*,*,*,2
刘,*,*,*,8
l,*,*,*,9
婚,*,*,*,穿
x,*,*,*,春
徐,*,*,*,6
徐,*,*,*,6
林,*,*,*,2
n,*,*,*,n
执,*,*,*,1
t,*,*,*,8
安,*,*,*,猫
z,*,*,*,2
行,*,*,*,学
影,*,*,*,8
笨,*,*,*,猪
c,*,*,*,g
c,*,*,*,g
唐,*,*,*,4
t,*,*,*,5
阮,*,*,*,军
t,*,*,*,7
周,*,*,*,g
h,*,*,*,y
t,*,*,*,4
t,*,*,*,4
我,*,*,*,脸
t,*,*,*,8
y,*,*,*,1
5,*,*,*,舞
曾,*,*,*,3
a,*,*,*,9
燕,*,*,*,7
挚,*,*,*,儿
北,*,*,*,店
手,*,*,*,间
手,*,*,*,间
于,*,*,*,钊
江,*,*,*,1
江,*,*,*,1
时,*,*,*,3
水,*,*,*,1
神,*,*,*,1
t,*,*,*,2
t,*,*,*,2
5,*,*,*,舞
李,*,*,*,8
h,*,*,*,9
z,*,*,*,6
h,*,*,*,0
吃,*,*,*,o
y,*,*,*,2
虢,*,*,*,哥
t,*,*,*,0
t,*,*,*,0
少,*,*,*,长
快,*,*,*,泉
影,*,*,*,8
嘉,*,*,*,1
小,*,*,*,滢
z,*,*,*,1
w,*,*,*,样
昨,*,*,*,9
昨,*,*,*,9
王,*,*,*,9
z,*,*,*,2
冯,*,*,*,4
周,*,*,*,2
焦,*,*,*,7
舟,*,*,*,哥
柠,*,*,*,梅
w,*,*,*,l
e,*,*,*,e
z,*,*,*,星
丽,*,*,*,5
m,*,*,*,6
碧,*,*,*,3
天,*,*,*,3
虢,*,*,*,哥
苏,*,*,*,d
千,*,*,*,2
陈,*,*,*,8
黄,*,*,*,木
永,*,*,*,树
黄,*,*,*,木
道,*,*,*,3
水,*,*,*,3
郭,*,*,*,0
郭,*,*,*,0
l,*,*,*,5
y,*,*,*,u
哈,*,*,*,子
低,*,*,*,9
6,*,*,*,吧
星,*,*,*,3
s,*,*,*,9
1,*,*,*,亲
z,*,*,*,g
a,*,*,*,n
何,*,*,*,好
z,*,*,*,6
t,*,*,*,2
韦,*,*,*,宁
韦,*,*,*,宁
z,*,*,*,8
l,*,*,*,8
罗,*,*,*,文
b,*,*,*,2
g,*,*,*,8
1,*,*,*,慧
华,*,*,*,1
华,*,*,*,1
彼,*,*,*,8
彼,*,*,*,8
郭,*,*,*,8
流,*,*,*,扉
流,*,*,*,扉
l,*,*,*,2
寂,*,*,*,担
嘿,*,*,*,好
g,*,*,*,9
沈,*,*,*,2
t,*,*,*,2
浩,*,*,*,a
刺,*,*,*,痕
代,*,*,*,心
感,*,*,*,0
刀,*,*,*,z
刀,*,*,*,z
q,*,*,*,9
q,*,*,*,9
t,*,*,*,9
小,*,*,*,2
燕,*,*,*,5
e,*,*,*,5
e,*,*,*,5
新,*,*,*,们
3,*,*,*,呀
t,*,*,*,8
婷,*,*,*,a
i,*,*,*,a
敬,*,*,*,6
t,*,*,*,7
t,*,*,*,龙
铃,*,*,*,泪
吴,*,*,*,6
t,*,*,*,5
s,*,*,*,e
坤,*,*,*,李
q,*,*,*,愿
q,*,*,*,愿
q,*,*,*,愿
独,*,*,*,易
独,*,*,*,易
t,*,*,*,蓝
n,*,*,*,0
g,*,*,*,餮
晴,*,*,*,娃
业,*,*,*,4
木,*,*,*,流
木,*,*,*,流
猪,*,*,*,4
李,*,*,*,4
誓,*,*,*,6
b,*,*,*,子
n,*,*,*,4
q,*,*,*,4
灰,*,*,*,郎
x,*,*,*,心
赵,*,*,*,2
王,*,*,*,克
w,*,*,*,l
t,*,*,*,6
亚,*,*,*,0
i,*,*,*,4
钻,*,*,*,骨
懒,*,*,*,6
y,*,*,*,1
r,*,*,*,1
s,*,*,*,4
哇,*,*,*,蛙
叶,*,*,*,石
叶,*,*,*,石
叶,*,*,*,石
仪,*,*,*,雨
z,*,*,*,3
z,*,*,*,3
t,*,*,*,1
1,*,*,*,2
死,*,*,*,话
甜,*,*,*,8
吕,*,*,*,g
x,*,*,*,1
含,*,*,*,阕
5,*,*,*,h
7,*,*,*,i
喂,*,*,*,喽
快,*,*,*,泉
t,*,*,*,3
低,*,*,*,9
你,*,*,*,劫
y,*,*,*,口
y,*,*,*,口
z,*,*,*,苹
z,*,*,*,苹
凝,*,*,*,乐
x,*,*,*,b
酆,*,*,*,恋
莫,*,*,*,乖
z,*,*,*,a
w,*,*,*,川
h,*,*,*,9
小,*,*,*,w
慢,*,*,*,故
慢,*,*,*,故
会,*,*,*,雁
红,*,*,*,6
t,*,*,*,2
小,*,*,*,4
闫,*,*,*,沫
雪,*,*,*,泪
t,*,*,*,3
7,*,*,*,a
d,*,*,*,q
朱,*,*,*,子
含,*,*,*,h
小,*,*,*,q
c,*,*,*,2
妖,*,*,*,喵
陈,*,*,*,佳
陈,*,*,*,佳
t,*,*,*,1
9,*,*,*,8
9,*,*,*,8
听,*,*,*,2
影,*,*,*,8
只,*,*,*,7
m,*,*,*,6
a,*,*,*,1
铃,*,*,*,泪
旭,*,*,*,吧
神,*,*,*,1
a,*,*,*,5
哈,*,*,*,6
海,*,*,*,顺
小,*,*,*,8
z,*,*,*,4
t,*,*,*,5
天,*,*,*,0
t,*,*,*,0
l,*,*,*,e
南,*,*,*,歌
p,*,*,*,i
幸,*,*,*,伴
4,*,*,*,a
缘,*,*,*,此
缘,*,*,*,此
p,*,*,*,2
1,*,*,*,y
d,*,*,*,x
丁,*,*,*,8
丁,*,*,*,8
丁,*,*,*,8
万,*,*,*,贸
林,*,*,*,8
林,*,*,*,8
林,*,*,*,8
0,*,*,*,想
柒,*,*,*,5
许,*,*,*,间
s,*,*,*,i
3,*,*,*,i
小,*,*,*,茹
小,*,*,*,茹
爱,*,*,*,1
n,*,*,*,c
x,*,*,*,t
以,*,*,*,。
f,*,*,*,0
t,*,*,*,2
c,*,*,*,2
h,*,*,*,m
人,*,*,*,9
闵,*,*,*,枝
懒,*,*,*,6
闲,*,*,*,合
t,*,*,*,g
亚,*,*,*,9
地,*,*,*,9
t,*,*,*,8
杀,*,*,*,在
t,*,*,*,6
c,*,*,*,n
a,*,*,*,7
t,*,*,*,1
乐,*,*,*,9
突,*,*,*,8
淘,*,*,*,9
张,*,*,*,7
紫,*,*,*,彻
紫,*,*,*,彻
k,*,*,*,0
来,*,*,*,贝
这,*,*,*,懒
尘,*,*,*,落
r,*,*,*,6
h,*,*,*,2
h,*,*,*,2
k,*,*,*,甜
红,*,*,*,叶
突,*,*,*,8
轩,*,*,*,购
陈,*,*,*,0
小,*,*,*,框
a,*,*,*,c
小,*,*,*,l
小,*,*,*,l
1,*,*,*,月
1,*,*,*,月
y,*,*,*,背
5,*,*,*,舞
t,*,*,*,9
t,*,*,*,9
李,*,*,*,2
周,*,*,*,杉
浪,*,*,*,8
这,*,*,*,冷
y,*,*,*,0
m,*,*,*,1
m,*,*,*,1
m,*,*,*,1
张,*,*,*,3
张,*,*,*,3
噜,*,*,*,头
噜,*,*,*,头
a,*,*,*,9
b,*,*,*,q
t,*,*,*,b
任,*,*,*,6
任,*,*,*,6
z,*,*,*,n
t,*,*,*,i
飘,*,*,*,2
姚,*,*,*,0
m,*,*,*,冼
以,*,*,*,2
夏,*,*,*,4
梦,*,*,*,喽
t,*,*,*,9
t,*,*,*,9
t,*,*,*,3
t,*,*,*,3
爱,*,*,*,0
w,*,*,*,7
y,*,*,*,2
寂,*,*,*,8
快,*,*,*,0
快,*,*,*,0
我,*,*,*,药
t,*,*,*,2
t,*,*,*,1
全,*,*,*,家
烟,*,*,*,朱
烟,*,*,*,朱
j,*,*,*,芳
j,*,*,*,芳
爱,*,*,*,3
随,*,*,*,8
f,*,*,*,6
1,*,*,*,亲
t,*,*,*,0
快,*,*,*,童
以,*,*,*,2
1,*,*,*,9
1,*,*,*,9
1,*,*,*,9
1,*,*,*,9
我,*,*,*,f
t,*,*,*,e
1,*,*,*,a
今,*,*,*,y
小,*,*,*,b
人,*,*,*,9
朱,*,*,*,子
差,*,*,*,9
y,*,*,*,3
永,*,*,*,6
露,*,*,*,霾
王,*,*,*,香
明,*,*,*,7
珍,*,*,*,丿
信,*,*,*,3
夕,*,*,*,阳
夕,*,*,*,阳
周,*,*,*,1
